Anos,RMSD
0,0.0
5,0.19906484686997217
10,0.49855970643601166
20,0.9868174637218656
